,laptop name,laptop price,laptop ratings
0,ASUS Vivobook 15 Core i3 11th Gen - (8 GB/512 GB SSD/Windows 11 Home) X515EA-EJ322WS | X515EA-EJ328WS ...,"₹34,990",Intel Core i3 Processor (11th Gen)8 GB DDR4 RAM64 bit Windows 11 Operating System512 GB SSD39.62 cm (15.6 Inch) Display1 Year Onsite Warranty
1,realme Book (Slim) Core i3 11th Gen - (8 GB/256 GB SSD/Windows 10 Home) RMNB1001 Thin and Light Laptop,"₹35,990","Stylish & Portable Thin and Light Laptop14 inch 2K QHD, IPS LCD Display ( 400nits peak brightness, 100% sRGB, 3:2 aspect ratio, Full Vision Display)Finger Print Sensor for Faster System AccessLight Laptop without Optical Disk DriveIntel Core i3 Processor (11th Gen)8 GB DDR4 RAM64 bit Windows 10 Operating System256 GB SSD35.56 cm (14 inch) DisplayNA1 Year Domestic Warranty"
2,ASUS Vivobook 15 Core i5 11th Gen - (8 GB/512 GB SSD/Windows 11 Home) X515EA-EJ522WS Thin and Light La...,"₹44,990",Intel Core i5 Processor (11th Gen)8 GB DDR4 RAM64 bit Windows 11 Operating System512 GB SSD39.62 cm (15.6 Inch) Display1 Year Onsite Warranty
3,DELL Inspiron Core i3 11th Gen - (8 GB/512 GB SSD/Windows 11 Home) Inspiron 3511 Thin and Light Laptop,"₹37,890",Intel Core i3 Processor (11th Gen)8 GB DDR4 RAM64 bit Windows 11 Operating System512 GB SSD96.52 cm (38 cm) DisplayMicrosoft Office Home & Student 20211 Year Onsite Hardware Service
4,HP 247 G8 Athlon Dual Core - (8 GB/1 TB HDD/Windows 11 Home) 247 G8 Notebook Notebook,"₹23,499",AMD Athlon Dual Core Processor8 GB DDR4 RAMWindows 11 Operating System1 TB HDD35.56 cm (14 inch) DisplayWindows1 Year Onsite Warranty
5,HP 14s Intel Core i3 11th Gen - (8 GB/256 GB SSD/Windows 11 Home) 14s - dy2507TU Thin and Light Laptop,"₹35,990",Intel Core i3 Processor (11th Gen)8 GB DDR4 RAM64 bit Windows 11 Operating System256 GB SSD35.56 cm (14 inch) Display1 Year Onsite Warranty
6,Lenovo Intel Celeron Dual Core - (8 GB/256 GB SSD/Windows 11 Home) 81WQ00MQIN|81WQ00NXIN Laptop,"₹27,989",Intel Celeron Dual Core Processor8 GB DDR4 RAM64 bit Windows 11 Operating System256 GB SSD39.62 cm (15.6 Inch) Display2 Years Onsite�Warranty
7,Lenovo IdeaPad 3 Intel Core i3 11th Gen - (8 GB/512 GB SSD/Windows 11 Home) 82H801L7IN | 82H802FJIN | ...,"₹36,950",Intel Core i3 Processor (11th Gen)8 GB DDR4 RAM64 bit Windows 11 Operating System512 GB SSD39.62 cm (15.6 inch) DisplayOffice Home and Student 20212 Year warranty
8,Infinix INBook X1 Neo Series Celeron Quad Core - (8 GB/256 GB SSD/Windows 11 Home) XL22 Thin and Light...,"₹22,990",Intel Celeron Quad Core Processor8 GB LPDDR4X RAM64 bit Windows 11 Operating System256 GB SSD35.56 cm (14 inch) Display1 Year Onsite Warranty
9,Infinix Y1 Plus Neo Intel Celeron Quad Core 11th Gen - (8 GB/256 GB SSD/Windows 11 Home) XL30 Thin and...,"₹23,490",Intel Celeron Quad Core Processor (11th Gen)8 GB LPDDR4X RAMWindows 11 Operating System256 GB SSD100.63 cm (39.62 cm) Display1 Year Onsite Warranty
10,HP 15s (2023) Intel Core i3 12th Gen - (8 GB/512 GB SSD/Windows 11 Home) 15s-fy5003TU Thin and Light L...,"₹40,990",Intel Core i3 Processor (12th Gen)8 GB DDR4 RAMWindows 11 Operating System512 GB SSD39.62 cm (15.6 Inch) Display1 Year Onsite Warranty
11,Lenovo V15 Ryzen 5 Hexa Core 5500U - (8 GB/512 GB SSD/Windows 11 Home) V15 G2 ALC Thin and Light Lapto...,"₹37,490",AMD Ryzen 5 Hexa Core Processor8 GB DDR4 RAMWindows 11 Operating System512 GB SSD39.62 cm (15.6 Inch) Display1 Year Onsite Warranty
12,HP 15s (2023) Ryzen 3 Dual Core 3250U - (8 GB/512 GB SSD/Windows 11 Home) 15s- eq1580AU Thin and Light...,"₹31,990",AMD Ryzen 3 Dual Core Processor8 GB DDR4 RAMWindows 11 Operating System512 GB SSD39.62 cm (15.6 Inch) Display1 Year Onsite Warranty
13,HP 15s Intel Core i3 12th Gen - (8 GB/512 GB SSD/Windows 11 Home) 15s-fq5007TU Thin and Light Laptop,"₹41,990",Intel Core i3 Processor (12th Gen)8 GB DDR4 RAM64 bit Windows 11 Operating System512 GB SSD39.62 cm (15.6 Inch) DisplayMicrosoft Office Home & Student 20211 Year Onsite Warranty
14,HP 14s Intel Core i3 11th Gen - (8 GB/512 GB SSD/Windows 11 Home) 14s - dy2508TU Thin and Light Laptop,"₹39,990",Intel Core i3 Processor (11th Gen)8 GB DDR4 RAM64 bit Windows 11 Operating System512 GB SSD35.56 cm (14 inch) DisplayMicrosoft Office Home & Student 20211 Year Onsite Warranty
15,Infinix INBook X2 Plus Core i3 11th Gen - (8 GB/256 GB SSD/Windows 11 Home) XL25 Thin and Light Laptop,"₹28,990",Intel Core i3 Processor (11th Gen)8 GB LPDDR4X RAM64 bit Windows 11 Operating System256 GB SSD39.62 cm (15.6 Inch) Display1 Year Onsite Warranty
16,HP 15s (2023) Athlon Dual Core 3050U - (8 GB/512 GB SSD/Windows 11 Home) 15s-ey1509AU Thin and Light L...,"₹30,990",AMD Athlon Dual Core Processor8 GB DDR4 RAMWindows 11 Operating System512 GB SSD39.62 cm (15.6 Inch) Display1 Year Onsite Warranty
17,ASUS Vivobook Go 15 (2023) Ryzen 3 Quad Core 7320U - (8 GB/512 GB SSD/Windows 11 Home) E1504FA-NJ322WS...,"₹35,990",AMD Ryzen 3 Quad Core Processor8 GB LPDDR5 RAMWindows 11 Operating System512 GB SSD39.62 cm (15.6 Inch) Display1 Year Onsite Warranty
18,DELL Inspiron Core i5 11th Gen - (8 GB/512 GB SSD/Windows 11 Home) Inspiron 3511 Thin and Light Laptop,"₹47,990",Intel Core i5 Processor (11th Gen)8 GB DDR4 RAM64 bit Windows 11 Operating System512 GB SSD39.62 cm (15.6 inch) DisplayMicrosoft Office Home & Student 20211 Year Onsite Hardware Service
19,ASUS Vivobook Go 15 (2023) Ryzen 3 Quad Core 7320U - (8 GB/512 GB SSD/Windows 11 Home) E1504FA-NJ321WS...,"₹35,990",AMD Ryzen 3 Quad Core Processor8 GB LPDDR5 RAMWindows 11 Operating System512 GB SSD39.62 cm (15.6 Inch) Display1 Year Onsite Warranty
20,HP Laptop Core i3 11th Gen - (8 GB/512 GB SSD/Windows 11 Home) 15s-fq2717TU Thin and Light Laptop,"₹38,990",Intel Core i3 Processor (11th Gen)8 GB DDR4 RAMWindows 11 Operating System512 GB SSD39.62 cm (15.6 Inch) Display1 Year Onsite Warranty
21,Lenovo IdeaPad 3 Core i3 12th Gen - (8 GB/512 GB SSD/Windows 11 Home) 14IAU7 Thin and Light Laptop,"₹40,990",Intel Core i3 Processor (12th Gen)8 GB DDR4 RAMWindows 11 Operating System512 GB SSD90.32 cm (35.56 cm) Display2 Year warranty
22,ASUS Vivobook Go 15 Celeron Dual Core - (8 GB/512 GB SSD/Windows 11 Home) E510MA-EJ021WS Thin and Ligh...,"₹27,990",Intel Celeron Dual Core Processor8 GB DDR4 RAMWindows 11 Operating System512 GB SSD39.62 cm (15.6 Inch) Display1 Year Onsite Warranty
23,MSI Core i3 11th Gen - (8 GB/512 GB SSD/Windows 11 Home) Modern 14 C11M-031IN Thin and Light Laptop,"₹34,990",Intel Core i3 Processor (11th Gen)8 GB DDR4 RAMWindows 11 Operating System512 GB SSD35.56 cm (14 Inch) Display1 Year Carry-in Warranty
24,MSI Core i3 11th Gen - (8 GB/512 GB SSD/Windows 11 Home) Modern 14 C11M-031IN Thin and Light Laptop,"₹34,990",Intel Core i3 Processor (11th Gen)8 GB DDR4 RAMWindows 11 Operating System512 GB SSD35.56 cm (14 Inch) Display1 Year Carry-in Warranty
25,HP Ryzen 5 Hexa Core 5500U - (8 GB/512 GB SSD/Windows 11 Home) 15s- eq2144au Thin and Light Laptop,"₹43,490","AMD Ryzen 5 Hexa Core Processor8 GB DDR4 RAM64 bit Windows 11 Operating System512 GB SSD39.62 cm (15.6 inch) DisplayMicrosoft Office Home 2019 & Office 365, HP Documentation, HP SSRM, HP Smart1 Year Onsite Warranty"
26,Lenovo IdeaPad 3 Core i3 12th Gen - (8 GB/512 GB SSD/Windows 11 Home) 15IAU7 Thin and Light Laptop,"₹40,990",Intel Core i3 Processor (12th Gen)8 GB DDR4 RAMWindows 11 Operating System512 GB SSD39.62 cm (15.6 Inch) Display2 Year warranty
27,Infinix INBook Y1 Plus Intel Core i3 10th Gen - (8 GB/256 GB SSD/Windows 11 Home) XL28 Thin and Light ...,"₹27,990",Intel Core i3 Processor (10th Gen)8 GB LPDDR4X RAM64 bit Windows 11 Operating System256 GB SSD39.62 cm (15.6 inch) Display1 Year Onsite Warranty
28,Acer Extensa (2023) Ryzen 5 Quad Core 7520U - (8 GB/512 GB SSD/Windows 11 Home) EX215-23 Notebook,"₹37,990",Stylish & Portable Thin and Light LaptopLPDDR5 RAM -faster & low power consumingFirmware TPM (Trusted Platform Module)-Improved Security of your PCFHD 1080p screen with 250 Nits brightnessLatest WiFi 6AMD Ryzen 5 Quad Core Processor8 GB LPDDR5 RAM64 bit Windows 11 Operating System512 GB SSD39.62 cm (15.6 Inch) Display1 Year International Travelers Warranty
29,Lenovo IdeaPad Slim 3 Intel Core i3 11th Gen - (8 GB/256 GB SSD/Windows 11 Home) 15ITL05 Thin and Ligh...,"₹33,990",Intel Core i3 Processor (11th Gen)8 GB DDR4 RAMWindows 11 Operating System256 GB SSD39.62 cm (15.6 Inch) Display2 Year warranty
30,Acer One Core i3 11th Gen - (8 GB/256 GB SSD/Windows 11 Home) Z8-415 Thin and Light Laptop,"₹29,990",Intel Core i3 Processor (11th Gen)8 GB DDR4 RAM64 bit Windows 11 Operating System256 GB SSD35.56 cm (14 Inch) Display1 Year Warranty
31,Lenovo ThinkBook 15 Ryzen 3 Hexa Core 5300U - (8 GB/512 GB SSD/Windows 11 Home) TB15 G3 ACL Thin and L...,"₹33,990",AMD Ryzen 3 Hexa Core Processor8 GB DDR4 RAMWindows 11 Operating System512 GB SSD39.62 cm (15.6 Inch) Display1 Year Onsite Warranty
32,Infinix Y1 Plus Neo Intel Celeron Quad Core 11th Gen - (8 GB/512 GB SSD/Windows 11 Home) XL30 Thin and...,"₹25,990",Intel Celeron Quad Core Processor (11th Gen)8 GB LPDDR4X RAMWindows 11 Operating System512 GB SSD39.62 cm (15.6 Inch) Display1 Year Onsite Warranty
33,HP 15s Intel Core i3 11th Gen - (8 GB/512 GB SSD/Windows 11 Home) 15s-fr2511TU Thin and Light Laptop,"₹39,490","Intel Core i3 Processor (11th Gen)8 GB DDR4 RAM64 bit Windows 11 Operating System512 GB SSD39.62 cm (15.6 Inch) DisplayMicrosoft Office 2021 Home & Student, HP Documentation, HP BIOS recovery, HP Smart1 Year Onsite Warranty"
34,Infinix X1 Slim Series Core i5 10th Gen - (8 GB/512 GB SSD/Windows 11 Home) XL21 Thin and Light Laptop,"₹37,990",Intel Core i5 Processor (10th Gen)8 GB LPDDR4X RAM64 bit Windows 11 Operating System512 GB SSD35.56 cm (14 Inch) DisplayNA1 Year Onsite Warranty
35,MSI Core i3 12th Gen - (8 GB/512 GB SSD/Windows 11 Home) Modern 14 C12M-445IN Thin and Light Laptop,"₹39,990",Intel Core i3 Processor (12th Gen)8 GB DDR4 RAMWindows 11 Operating System512 GB SSD35.56 cm (14 Inch) Display1 Year Carry-in Warranty
36,Acer Extensa (2023) Core i3 - (8 GB/256 GB SSD/Windows 11 Home) EX215-33 Notebook,"₹31,990",Intel Core i3 Processor8 GB LPDDR5 RAM64 bit Windows 11 Operating System256 GB SSD39.62 cm (15.6 Inch) Display1 Year International Travelers Warranty
37,ASUS VivoBook 14 (2021) Celeron Dual Core - (4 GB/256 GB SSD/Windows 11 Home) X415MA-BV011W Thin and L...,"₹23,990",Intel Celeron Dual Core Processor4 GB DDR4 RAM64 bit Windows 11 Operating System256 GB SSD35.56 cm (14 inch) Display1 Year Onsite Warranty
38,Infinix INBook Y1 Plus Intel Core i3 10th Gen - (8 GB/512 GB SSD/Windows 11 Home) XL28 Thin and Light ...,"₹29,990",Intel Core i3 Processor (10th Gen)8 GB LPDDR4X RAM64 bit Windows 11 Operating System512 GB SSD39.62 cm (15.6 inch) Display1 Year Onsite Warranty
39,HP Core i3 11th Gen - (8 GB/512 GB SSD/Windows 11 Home) 250 G8 Laptop,"₹36,990",Intel Core i3 Processor (11th Gen)8 GB DDR4 RAM64 bit Windows 11 Operating System512 GB SSD39.62 cm (15.6 inch) Display1Year Onsite Warranty
40,Acer Aspire Core i3 12th Gen - (8 GB/512 GB SSD/Windows 11 Home) A315-59 Notebook,"₹37,990",Intel Core i3 Processor (12th Gen)8 GB DDR4 RAM64 bit Windows 11 Operating System512 GB SSD39.62 cm (15.6 inch) Display1 Year International Travelers Warranty (ITW)
41,HP Ryzen 3 Quad Core 5300U - (8 GB/512 GB SSD/Windows 11 Home) 15s-eq2143au Thin and Light Laptop,"₹36,499","AMD Ryzen 3 Quad Core Processor8 GB DDR4 RAM64 bit Windows 11 Operating System512 GB SSD39.62 cm (15.6 inch) DisplayMicrosoft Office 2019 & Office 365, HP Documentation, HP BIOS recovery, HP Smart1 Year Onsite Warranty"
42,Lenovo IdeaPad Slim 3 Intel Core i3 12th Gen - (8 GB/512 GB SSD/Windows 11 Home) IdeaPad 3 15IAU7 Thin...,"₹40,990",Intel Core i3 Processor (12th Gen)8 GB DDR4 RAM64 bit Windows 11 Operating System512 GB SSD100.63 cm (39.62 cm) Display2 Year warranty
43,HP Ryzen 5 Hexa Core 5500U - (8 GB/512 GB SSD/Windows 11 Home) 14s-fq1092au Thin and Light Laptop,"₹44,490","AMD Ryzen 5 Hexa Core Processor8 GB DDR4 RAM64 bit Windows 11 Operating System512 GB SSD35.56 cm (14 inch) DisplayMicrosoft Office Home & Student 2019, HP Documentation, HP SSRM, HP Smart ""1 Year Onsite Warranty"
44,Lenovo IdeaPad Ryzen 5 Hexa Core 5500U - (16 GB/512 GB SSD/Windows 11 Home) 15ALC6 Thin and Light Lapt...,"₹47,990",AMD Ryzen 5 Hexa Core Processor16 GB DDR4 RAMWindows 11 Operating System512 GB SSD39.62 cm (15.6 Inch) DisplayMicrosoft Office Home & Student 20212 Year warranty
45,Lenovo IdeaPad 3 Core i3 11th Gen - (8 GB/256 GB SSD/Windows 11 Home) 15ITL6 Laptop,"₹34,990",Intel Core i3 Processor (11th Gen)8 GB DDR4 RAMWindows 11 Operating System256 GB SSD38.1 cm (15 inch) Display2 Year Onsite Warranty
46,ASUS Vivobook 14 (2021) Core i5 11th Gen - (16 GB/512 GB SSD/Windows 11 Home) X515EA-EJ542WS Thin and ...,"₹48,990",Intel Core i5 Processor (11th Gen)16 GB DDR4 RAMWindows 11 Operating System512 GB SSD39.62 cm (15.6 Inch) Display1 Year Onsite Warranty
47,Lenovo Athlon Dual Core 3050U - (4 GB/256 GB SSD/Windows 10 Home) E41-55 Thin and Light Laptop,"₹19,550",AMD Athlon Dual Core Processor4 GB DDR4 RAMWindows 10 Operating System256 GB SSD35.56 cm (14 Inch) Display1 Year Onsite Warranty
48,DELL Core i3 11th Gen - (8 GB/256 GB SSD/32 GB EMMC Storage/Ubuntu) Latitude 3420 Business Laptop,"₹31,990",Intel Core i3 Processor (11th Gen)8 GB DDR4 RAMLinux/Ubuntu Operating System256 GB SSD35.56 cm (14 Inch) Display1 Year Onsite with ADP warranty by OEM
49,DELL Core i3 12th Gen - (8 GB/512 GB SSD/Windows 11 Home) New Inspiron 15 Laptop Thin and Light Laptop,"₹41,990","Processor: Intel i3-1215U (Base- 0.9 GHz & Turbo up to 4.40 GHz) 6 CoresRAM & Storage: 8GB DDR4 & 512GB SSDGraphics & Keyboard: Integrated & Standard KeyboardDisplay: 15.6"" FHD WVA AG 120Hz 250 nits Narrow BorderIntel Core i3 Processor (12th Gen)8 GB DDR4 RAM64 bit Windows 11 Operating System512 GB SSD96.52 cm (38 cm) Display1 Year Onsite Hardware Service"
50,Lenovo IdeaPad 3 Core i3 12th Gen - (8 GB/512 GB SSD/Windows 11 Home) 15IAU7 Thin and Light Laptop,"₹40,990",Intel Core i3 Processor (12th Gen)8 GB DDR4 RAMWindows 11 Operating System512 GB SSD39.62 cm (15.6 Inch) Display2 Year warranty
51,Lenovo IdeaPad 3 Ryzen 5 Hexa Core 5500U - (8 GB/512 GB SSD/Windows 11 Home) 15ALC6 Thin and Light Lap...,"₹45,975",AMD Ryzen 5 Hexa Core Processor8 GB DDR4 RAM64 bit Windows 11 Operating System512 GB SSD93.01 cm (36.62 cm) DisplayOffice Home and Student 20212 Year warranty
52,MSI Ryzen 5 Hexa Core 7530U - (16 GB/512 GB SSD/Windows 11 Home) Modern 14 C7M-062IN Thin and Light La...,"₹45,990",AMD Ryzen 5 Hexa Core Processor16 GB DDR4 RAMWindows 11 Operating System512 GB SSD35.56 cm (14 Inch) Display1 Year Carry-in Warranty
53,ASUS Chromebook Touch Intel Celeron Dual Core - (4 GB/64 GB EMMC Storage/Chrome OS) C523NA-A20303 Chro...,"₹18,990",Intel Celeron Dual Core Processor4 GB LPDDR4 RAMChrome Operating System39.62 cm (15.6 inch) Touchscreen Display1 Year Onsite Warranty
54,DELL Inspiron Athlon Dual Core 3050U - (8 GB/256 GB SSD/Windows 11 Home) Inspiron 3525 Notebook,"₹33,990","Processor: AMD Athlon Silver 3050U (2.30 GHz up to 3.20 GHz)RAM & Storage: 8GB DDR4 & 256GB SSDDisplay: 15.6"" HD AG Narrow BorderSoftware: Win 11 + Office H&S 2021Ports: 2 USB 3.2 Gen 1 ports, 1 USB 2.0 port, 1 Headset jack, 1 HDMI 1.4 port*, 1 SD 3.0 card slotWiFi & BT: 802.11ac 1x1 WiFi and BluetoothAMD Athlon Dual Core Processor8 GB DDR4 RAM64 bit Windows 11 Operating System256 GB SSD39.62 cm (15.6 Inch) Display1 Year Onsite Warranty"
55,ASUS Vivobook Go 15 OLED (2023) Ryzen 3 Quad Core 7320U - (8 GB/512 GB SSD/Windows 11 Home) E1504FA-LK...,"₹41,990",AMD Ryzen 3 Quad Core Processor8 GB LPDDR5 RAMWindows 11 Operating System512 GB SSD39.62 cm (15.6 Inch) Display1 Year Onsite Warranty
56,ASUS Vivobook Go 15 (2023) Ryzen 5 Quad Core 7520U - (8 GB/512 GB SSD/Windows 11 Home) E1504FA-NJ523WS...,"₹45,990",AMD Ryzen 5 Quad Core Processor8 GB LPDDR5 RAMWindows 11 Operating System512 GB SSD39.62 cm (15.6 Inch) Display1 Year Onsite Warranty
57,ASUS Vivobook 15 Core i3 11th Gen - (16 GB/512 GB SSD/Windows 11 Home) X515EA-EJ342WS Thin and Light L...,"₹38,990",Intel Core i3 Processor (11th Gen)16 GB DDR4 RAMWindows 11 Operating System512 GB SSD39.62 cm (15.6 Inch) Display1 Year Onsite Warranty
58,ASUS Vivobook K15 OLED Ryzen 5 Hexa Core AMD R5-5500U - (16 GB/512 GB SSD/Windows 11 Home) KM513UA-L51...,"₹49,990",AMD Ryzen 5 Hexa Core Processor16 GB DDR4 RAM64 bit Windows 11 Operating System512 GB SSD39.62 cm (15.6 Inch) Display1 Year Onsite Warranty
59,HP 247 G8 Ryzen 3 Quad Core - (8 GB/512 GB SSD/DOS) 6B5R3PA#ACJ Notebook,"₹27,999",AMD Ryzen 3 Quad Core Processor8 GB DDR4 RAMDOS Operating System512 GB SSD35.56 cm (14 inch) DisplayDOS1Year
60,SAMSUNG Galaxy Book Go Snapdragon 7c Gen 2 - (4 GB/128 GB EMMC Storage/Windows 11 Home) NP340XLA-KA1IN...,"₹32,990",Qualcomm Snapdragon 7c Gen 2 Processor4 GB LPDDR4X RAMWindows 11 Operating System35.56 cm (14 Inch) DisplayOffice Home and Student 20211 Year Onsite Warranty
61,HP Core i3 12th Gen - (8 GB/512 GB SSD/Windows 11 Home) 15-eg2017TU Thin and Light Laptop,"₹48,990",Intel Core i3 Processor (12th Gen)8 GB DDR4 RAMWindows 11 Operating System512 GB SSD39.62 cm (15.6 Inch) Display1 Year Onsite Warranty
62,MSI Core i5 11th Gen - (8 GB/512 GB SSD/Windows 11 Home) Modern 14 C11M-030IN Thin and Light Laptop,"₹42,990",Intel Core i5 Processor (11th Gen)8 GB DDR4 RAMWindows 11 Operating System512 GB SSD35.56 cm (14 Inch) Display1 Year Carry-in Warranty
63,ASUS Touchscreen Core i3 12th Gen - (8 GB/512 GB SSD/Windows 11 Home) X1502ZA-EZ311WS Laptop,"₹46,990",Intel Core i3 Processor (12th Gen)8 GB DDR4 RAMWindows 11 Operating System512 GB SSD39.62 cm (15.6 inch) Touchscreen Display1 YEAR
64,ASUS Vivobook Go 15 (2023) Intel 8 cores/8 Threads Core i3 - (8 GB/512 GB SSD/Windows 11 Home) E1504GA...,"₹37,990",Intel Core i3 Processor8 GB DDR4 RAMWindows 11 Operating System512 GB SSD39.62 cm (15.6 Inch) Display1 Year Onsite Warranty
65,ASUS Vivobook 15 OLED (2022) Core i3 12th Gen - (8 GB/512 GB SSD/Windows 11 Home) X1505ZA-L1311WS Thin...,"₹47,990","Get unparalleled power and reliability with the new Intel 12th Gen CPU15.6 Inch Full HD OLED 16:9 aspect ratio, 0.2ms response time, 600nits HDR peak brightness, 100% DCI-P3 color gamut, VESA CERTIFIED Display HDR True Black 600, 1.07 billion colors, PANTONE Validated, Glossy display, 70% less harmful blue light, TUV Rheinland-certifiedStylish & Portable Just 1.99 cm thin and 1.7 kg in weight. US MIL-STD 810H Military-grade durabilityLight Laptop without Optical Disk DriveBacklit chiclet keyboard, Finger Print Sensor for Faster System Access720p HD webcam with physical privacy shutter180 ErgoLift hinge for comfortable and collaborative use casesIntel Core i3 Processor (12th Gen)8 GB DDR4 RAM64 bit Windows 11 Operating System512 GB SSD39.62 cm (15.6 Inch) Display1 Year Onsite Warranty"
66,HP Ryzen 3 Quad Core 5300U - (8 GB/512 GB SSD/Windows 11 Home) 14s-fq1089au Thin and Light Laptop,"₹39,990",AMD Ryzen 3 Quad Core Processor8 GB DDR4 RAM64 bit Windows 11 Operating System512 GB SSD35.56 cm (14 Inch) Display1 Year onsite warranty
67,ASUS Vivobook Go 15 OLED (2023) Ryzen 3 Quad Core 7320U - (8 GB/512 GB SSD/Windows 11 Home) E1504FA-LK...,"₹41,990",AMD Ryzen 3 Quad Core Processor8 GB LPDDR5 RAMWindows 11 Operating System512 GB SSD39.62 cm (15.6 Inch) Display1 Year Onsite Warranty
68,DELL Inspiron Core i3 11th Gen - (8 GB/512 GB SSD/Windows 11 Home) INSPIRON 3511 Thin and Light Laptop,"₹40,990",Intel Core i3 Processor (11th Gen)8 GB DDR4 RAM64 bit Windows 11 Operating System512 GB SSD39.62 cm (15.6 inch) Display1 Year Onsite Warranty
69,HP Athlon Dual Core 3050U - (4 GB/256 GB SSD/DOS) 255 G8 Notebook,"₹22,689",AMD Athlon Dual Core Processor4 GB DDR4 RAMDOS Operating System256 GB SSD39.62 cm (15.6 Inch) Display1 Year Onsite Warranty
70,Lenovo IdeaPad 3 Intel Core i3 11th Gen - (8 GB/256 GB SSD/Windows 11 Home) 14ITL05 Thin and Light Lap...,"₹33,990",Intel Core i3 Processor (11th Gen)8 GB DDR4 RAM64 bit Windows 11 Operating System256 GB SSD35.56 cm (14 inch) DisplayOffice Home and Student 20212 Year Onsite�Warranty
71,MSI Ryzen 5 Hexa Core 7530U - (8 GB/512 GB SSD/Windows 11 Home) Modern 14 C7M-063IN Thin and Light Lap...,"₹41,990",AMD Ryzen 5 Hexa Core Processor8 GB DDR4 RAMWindows 11 Operating System512 GB SSD35.56 cm (14 Inch) Display1 Year Carry-in Warranty
72,HP Athlon Dual Core 3050U - (4 GB/256 GB SSD/DOS) 255 G8 Notebook,"₹22,689",AMD Athlon Dual Core Processor4 GB DDR4 RAMDOS Operating System256 GB SSD39.62 cm (15.6 Inch) Display1 Year Onsite Warranty
73,DELL Inspiron Pentium Quad Core - (8 GB/256 GB SSD/Windows 11 Home) Inspiron 3521 Thin and Light Lapto...,"₹34,490",Intel Pentium Quad Core Processor8 GB DDR4 RAM64 bit Windows 11 Operating System256 GB SSD39.62 cm (15.6 inch) DisplayOffice Home and Student 20211 Year Onsite Warranty
74,ASUS Vivobook Go 15 Celeron Dual Core - (8 GB/256 GB SSD/Windows 11 Home) E510MA-EJ011WS Thin and Ligh...,"₹26,990",Intel Celeron Dual Core Processor8 GB DDR4 RAMWindows 11 Operating System256 GB SSD39.62 cm (15.6 Inch) Display1 Year Onsite Warranty
75,Acer One Core i3 11th Gen - (8 GB/512 GB SSD/Windows 11 Home) Z8-415 Thin and Light Laptop,"₹30,990",Intel Core i3 Processor (11th Gen)8 GB DDR4 RAM64 bit Windows 11 Operating System512 GB SSD35.56 cm (14 Inch) Display1 Year Warranty
76,Lenovo IdeaPad 3 Core i3 12th Gen - (8 GB/512 GB SSD/Windows 11 Home) 15IAU7 Thin and Light Laptop,"₹40,990",Intel Core i3 Processor (12th Gen)8 GB DDR4 RAMWindows 11 Operating System512 GB SSD39.62 cm (15.6 Inch) Display2 Year warranty
77,HP Ryzen 3 Quad Core R3 3250 - (8 GB/512 GB SSD/Windows 11 Home) 255 G8 Business Laptop,"₹31,990",AMD Ryzen 3 Quad Core Processor8 GB DDR4 RAMWindows 11 Operating System512 GB SSD39.62 cm (15.6 Inch) Display1 Year Onsite warranty by OEM
78,Acer Extensa (2023) Ryzen 5 Quad Core 7520U - (8 GB/512 GB SSD/Windows 11 Home) EX215-23 Notebook,"₹40,990",Stylish & Portable Thin and Light LaptopLPDDR5 RAM -faster & low power consumingFirmware TPM (Trusted Platform Module)-Improved Security of your PCFHD 1080p screen with 250 Nits brightnessLatest WiFi 6AMD Ryzen 5 Quad Core Processor8 GB LPDDR5 RAM64 bit Windows 11 Operating System512 GB SSD39.62 cm (15.6 Inch) Display1 Year International Travelers Warranty
79,HP 15s (2023) Intel Core i3 13th Gen - (8 GB/512 GB SSD/Windows 11 Home) 15-fd0006TU Thin and Light La...,"₹47,490",Intel Core i3 Processor (13th Gen)8 GB DDR4 RAM64 bit Windows 11 Operating System512 GB SSD39.62 cm (15.6 Inch) Display1 Year Onsite Warranty
80,Infinix Y1 Plus Neo Intel Celeron Quad Core 11th Gen - (8 GB/512 GB SSD/Windows 11 Home) XL30 Thin and...,"₹25,990",Intel Celeron Quad Core Processor (11th Gen)8 GB LPDDR4X RAMWindows 11 Operating System512 GB SSD39.62 cm (15.6 Inch) Display1 Year Onsite Warranty
81,DELL Inspiron 3000 Core i3 11th Gen - (8 GB/512 GB SSD/Windows 11 Home) 3511 Thin and Light Laptop,"₹39,499",Intel Core i3 Processor (11th Gen)8 GB DDR4 RAM64 bit Windows 11 Operating System512 GB SSD39.62 cm (15.6 Inch) Display1 Year Onsite Warranty
82,ASUS Vivobook 14 (2023) Core i3 13th Gen - (8 GB/512 GB SSD/Windows 11 Home) X1404VA-NK321WS Thin and ...,"₹45,990",Intel Core i3 Processor (13th Gen)8 GB DDR4 RAMWindows 11 Operating System512 GB SSD35.56 cm (14 Inch) Display1 Year Onsite Warranty
83,HP Core i3 11th Gen - (8 GB/512 GB SSD/Windows 11 Home) 14s-dq2649tu Thin and Light Laptop,"₹40,990",Intel Core i3 Processor (11th Gen)8 GB DDR4 RAMWindows 11 Operating System512 GB SSD35.56 cm (14 Inch) Display1 Year Onsite Warranty
84,ASUS Vivobook Go 15 OLED (2023) Ryzen 3 Quad Core 7320U - (8 GB/512 GB SSD/Windows 11 Home) E1504FA-LK...,"₹41,990",AMD Ryzen 3 Quad Core Processor8 GB LPDDR5 RAMWindows 11 Operating System512 GB SSD39.62 cm (15.6 Inch) Display1 Year Onsite Warranty
85,HP 250 G8 Core i3 11th Gen - (8 GB/1 TB HDD/256 GB SSD/DOS) 250 G8 Business Laptop,"₹37,790",Intel Core i3 Processor (11th Gen)8 GB DDR4 RAMDOS Operating System1 TB HDD|256 GB SSD39.62 cm (15.6 inch) DisplayDOS1 Year Domestic Warranty
86,Lenovo Athlon Dual Core - (4 GB/256 GB SSD/DOS) E41-55 45-2 Laptop,"₹18,999",AMD Athlon Dual Core Processor4 GB DDR4 RAMDOS Operating System256 GB SSD35.56 cm (14 inch) Displayon site
87,ASUS Vivobook Go 14 (2023) Ryzen 3 Quad Core 7320U - (8 GB/512 GB SSD/Windows 11 Home) E1404FA-NK322WS...,"₹38,990",AMD Ryzen 3 Quad Core Processor8 GB LPDDR5 RAMWindows 11 Operating System512 GB SSD35.56 cm (14 Inch) Display1 Year Onsite Warranty
88,ASUS Vivobook 16 (2023) Core i3 13th Gen - (8 GB/512 GB SSD/Windows 11 Home) X1605VAB-MB322WS Laptop,"₹47,990",Intel Core i3 Processor (13th Gen)8 GB DDR4 RAMWindows 11 Operating System512 GB SSD40.64 cm (16 Inch) Display1 Year Onsite Warranty
89,ASUS Vivobook 15 Core i3 11th Gen - (8 GB/512 GB SSD/Windows 11 Home) X1500EA-EJ3381WS Laptop,"₹37,990","Intel Core i3 Processor (11th Gen)8 GB DDR4 RAM64 bit Windows 11 Operating System512 GB SSD39.62 cm (15.6 inch) DisplayWindows 11, Microsoft Office H&S 2021, 1 Year McAfee1 Year Onsite Warranty"
90,DELL Core i3 12th Gen - (8 GB/512 GB SSD/Windows 11 Home) New Inspiron 15 Laptop Thin and Light Laptop,"₹43,489",Intel Core i3 Processor (12th Gen)8 GB DDR4 RAM64 bit Windows 11 Operating System512 GB SSD39.62 cm (15.6 Inch) Display1 Year Onsite Hardware Service
91,Infinix INBook Y1 Plus Intel Core i3 10th Gen - (8 GB/256 GB SSD/Windows 11 Home) XL28 Thin and Light ...,"₹27,990",Intel Core i3 Processor (10th Gen)8 GB LPDDR4X RAM64 bit Windows 11 Operating System256 GB SSD86.84 cm (34.19 cm) Display1 Year Onsite Warranty
92,ASUS Vivobook 14 (2023) Core i3 13th Gen - (8 GB/512 GB SSD/Windows 11 Home) X1404VA-NK322WS Thin and ...,"₹45,990",Intel Core i3 Processor (13th Gen)8 GB DDR4 RAMWindows 11 Operating System512 GB SSD35.56 cm (14 Inch) Display1 Year Onsite Warranty
93,HP Ryzen 5 Hexa Core 5500U - (16 GB/512 GB SSD/Windows 11 Home) 14s-fy1003AU Thin and Light Laptop,"₹48,990",AMD Ryzen 5 Hexa Core Processor16 GB DDR4 RAM64 bit Windows 11 Operating System512 GB SSD35.56 cm (14 inch) DisplayMicrosoft Office Home & Student 20211 Year Onsite Warranty
94,Infinix X1 Slim Series Core i5 10th Gen - (8 GB/512 GB SSD/Windows 11 Home) XL21 Thin and Light Laptop,"₹37,990",Intel Core i5 Processor (10th Gen)8 GB LPDDR4X RAM64 bit Windows 11 Operating System512 GB SSD35.56 cm (14 Inch) DisplayNA1 Year Onsite Warranty
95,ASUS Vivobook 15 Touch Core i3 11th Gen - (8 GB/512 GB SSD/Windows 11 Home) X515EA-EZ311WS Thin and Li...,"₹39,990",Intel Core i3 Processor (11th Gen)8 GB DDR4 RAM64 bit Windows 11 Operating System512 GB SSD39.62 cm (15.6 Inch) Touchscreen Display1 Year Onsite Warranty
96,Lenovo IdeaPad 3 Core i3 12th Gen - (8 GB/512 GB SSD/Windows 11 Home) 15IAU7 Thin and Light Laptop,"₹40,990",Intel Core i3 Processor (12th Gen)8 GB DDR4 RAMWindows 11 Operating System512 GB SSD39.62 cm (15.6 Inch) Display2 Year warranty
97,Lenovo IdeaPad 3 Ryzen 5 Hexa Core 5500U - (8 GB/512 GB SSD/Windows 11 Home) 15ALC6 Thin and Light Lap...,"₹45,975",AMD Ryzen 5 Hexa Core Processor8 GB DDR4 RAM64 bit Windows 11 Operating System512 GB SSD93.01 cm (36.62 cm) DisplayOffice Home and Student 20212 Year warranty
98,ASUS Vivobook 15 Touch Core i3 11th Gen - (8 GB/512 GB SSD/Windows 11 Home) X515EA-EZ311WS Thin and Li...,"₹39,990",Intel Core i3 Processor (11th Gen)8 GB DDR4 RAM64 bit Windows 11 Operating System512 GB SSD39.62 cm (15.6 Inch) Touchscreen Display1 Year Onsite Warranty
99,ASUS Vivobook Ultra 14 (2022) Core i3 11th Gen - (8 GB/512 GB SSD/Windows 11 Home) K413EA-EB303WS Thin...,"₹40,990",Intel Core i3 Processor (11th Gen)8 GB DDR4 RAM64 bit Windows 11 Operating System512 GB SSD35.56 cm (14 inch) Display1 Year Onsite Warranty
100,Infinix INBook X1 Neo Series Celeron Quad Core - (8 GB/256 GB SSD/Windows 11 Home) XL22 Thin and Light...,"₹22,990",Intel Celeron Quad Core Processor8 GB LPDDR4X RAM64 bit Windows 11 Operating System256 GB SSD35.56 cm (14 inch) Display1 Year Onsite Warranty
101,ASUS Vivobook 14 Touchscreen Intel P-Series Core i3 12th Gen - (8 GB/512 GB SSD/Windows 11 Home) X1402...,"₹49,990",Intel Core i3 Processor (12th Gen)8 GB DDR4 RAM64 bit Windows 11 Operating System512 GB SSD35.56 cm (14 Inch) Touchscreen Display1 Year Onsite Warranty
102,DELL Inspiron Ryzen 5 Dual Core 3450U - (8 GB/512 GB SSD/Windows 11 Home) INSPIRON 3515 Thin and Light...,"₹44,990","Processor: AMD Ryzen 5-3450U (2.10 GHz up to 3.50 GHz)RAM & Storage: 8GB DDR4 (2 DIMM Slots) & 512GB SSDSoftware: Win 11 + Office H&S 2021Display: 15.6"" FHD WVA AG Narrow BorderPorts: ""2x USB 3.2 Gen1 ,1x USB 2.0, HDMI 1.4b, SD Card reader, Audio jackWiFi & BT: 802.11ac 1x1 WiFi and BluetoothAMD Ryzen 5 Dual Core Processor8 GB DDR4 RAM64 bit Windows 11 Operating System512 GB SSD39.62 cm (15.6 Inch) DisplayMicrosoft Office Home & Student 20211 Year Onsite Warranty"
103,ASUS (2022) Celeron Dual Core - (4 GB/128 GB SSD/Windows 11 Home) BR1100CKA-GJ0722W Laptop,"₹20,990",Intel Celeron Dual Core Processor4 GB DDR4 RAM64 bit Windows 11 Operating System128 GB SSD29.46 cm (11.6 Inch) Display1 Year Onsite Warranty
104,Lenovo IdeaPad Slim 3 Intel Core i3 11th Gen - (8 GB/512 GB SSD/Windows 11 Home) 14ITL6 Thin and Light...,"₹37,990",Intel Core i3 Processor (11th Gen)8 GB DDR4 RAM64 bit Windows 11 Operating System512 GB SSD35.56 cm (14 Inch) Display2 Years Onsite Warranty
105,ASUS Ryzen 3 Dual Core - (8 GB/512 GB SSD/Windows 11 Home) E1404FA-NK321WS Laptop,"₹38,990",AMD Ryzen 3 Dual Core Processor8 GB DDR4 RAMWindows 11 Operating System512 GB SSD35.56 cm (14 inch) Display1 Year Manufacturer Warranty
106,Lenovo Athlon Dual Core 3050U - (4 GB/256 GB SSD/DOS) E41-55 Thin and Light Laptop,"₹17,990",AMD Athlon Dual Core Processor4 GB DDR4 RAMDOS Operating System256 GB SSD35.56 cm (14 Inch) Display1 Year Onsite Warranty
107,ASUS Vivobook Go 15 (2023) Ryzen 5 Quad Core 7520U - (8 GB/512 GB SSD/Windows 11 Home) E1504FA-NJ521WS...,"₹45,990",AMD Ryzen 5 Quad Core Processor8 GB LPDDR5 RAMWindows 11 Operating System512 GB SSD39.62 cm (15.6 Inch) Display1 Year Onsite Warranty
108,DELL Inspiron Core i3 11th Gen - (8 GB/1 TB HDD/256 GB SSD/Windows 11 Home) D560841WIN9S Thin and Ligh...,"₹45,490","Processor: Intel i3-1115G4 (Base- 1.70 GHz & Turbo up to 4.10 GHz) 2 CoresRAM & Storage: 8GB DDR4 & 1TB + 256GB SSDGraphics & Keyboard: Integrated & Standard KeyboardDisplay: 15.6"" FHD WVA AG Narrow BorderPorts: 2x USB 3.2 Gen1 ,1x USB 2.0, HDMI 1.4, SD Card reader, Audio jack, 1 M.2 2230/2280 slot for solid-state drive/Intel OptaneIntel Core i3 Processor (11th Gen)8 GB DDR4 RAMWindows 11 Operating System1 TB HDD|256 GB SSD39.62 cm (15.6 inch) Display1 YEAR"
109,HP Laptop with Backlit Keyboard Core i3 11th Gen - (8 GB/512 GB SSD/Windows 11 Home) 15s-fr2512tu Lapt...,"₹41,490",Intel Core i3 Processor (11th Gen)8 GB DDR4 RAM64 bit Windows 11 Operating System512 GB SSD39.62 cm (15.6 inch) Display1 Year Onsite Warranty
110,HP Ryzen 3 Quad Core 7320U - (8 GB/512 GB SSD/Windows 11 Home) 15-fc0025AU Thin and Light Laptop,"₹39,490",AMD Ryzen 3 Quad Core Processor8 GB DDR4 RAM64 bit Windows 11 Operating System512 GB SSD39.62 cm (15.6 Inch) Display1 Year Onsite Warranty
111,Infinix INBook X2 Plus Core i3 11th Gen - (8 GB/256 GB SSD/Windows 11 Home) XL25 Thin and Light Laptop,"₹30,990",Intel Core i3 Processor (11th Gen)8 GB LPDDR4X RAM64 bit Windows 11 Operating System256 GB SSD39.62 cm (15.6 Inch) Display1 Year Onsite Warranty
112,ASUS Vivobook Go 15 (2023) Ryzen 5 Quad Core 7520U - (8 GB/512 GB SSD/Windows 11 Home) E1504FA-NJ522WS...,"₹45,990",AMD Ryzen 5 Quad Core Processor8 GB LPDDR5 RAMWindows 11 Operating System512 GB SSD39.62 cm (15.6 Inch) Display1 Year Onsite Warranty
113,ASUS Vivobook 15 Core i5 11th Gen - (8 GB/512 GB SSD/Windows 11 Home) X515EA-BQ522WS Thin and Light La...,"₹47,990",Intel Core i5 Processor (11th Gen)8 GB DDR4 RAM64 bit Windows 11 Operating System512 GB SSD39.62 cm (15.6 Inch) Display1 Year Onsite Warranty
114,Lenovo V15 Core i3 12th Gen - (8 GB/512 GB SSD/Windows 11 Home) V15 G3 IAP Thin and Light Laptop,"₹39,990",Intel Core i3 Processor (12th Gen)8 GB DDR4 RAMWindows 11 Operating System512 GB SSD39.62 cm (15.6 Inch) Display1 Year Onsite Warranty
115,DELL Inspiron Ryzen 3 Dual Core 3250U - (8 GB/256 GB SSD/Windows 11 Home) INSPIRON 3515 Thin and Light...,"₹34,790",AMD Ryzen 3 Dual Core Processor8 GB DDR4 RAM64 bit Windows 11 Operating System256 GB SSD96.52 cm (38 cm) Display1 Year Onsite Warranty
116,DELL Inspiron 3511 Core i3 11th Gen - (8 GB/1 TB HDD/256 GB SSD/Windows 10 Home) 3511 Laptop,"₹40,990",Intel Core i3 Processor (11th Gen)8 GB DDR4 RAM64 bit Windows 10 Operating System1 TB HDD|256 GB SSD39.62 cm (15.6 inch) DisplayMS OFFICE LIFE TIME1 YEAR MANUFACTURER WARRANTY
117,realme Book Prime Core i5 11th Gen - (8 GB/512 GB SSD/Windows 11 Home) CloudPro002 Thin and Light Lapt...,"₹43,990",Intel Core i5 Processor (11th Gen)8 GB LPDDR4X RAMWindows 11 Operating System512 GB SSD35.56 cm (14 Inch) Display1 Year Carry-in Warranty
118,HP Laptop Ryzen 3 Quad Core 5300U - (8 GB/512 GB SSD/Windows 11 Home) 15s- eq2212AU Thin and Light Lap...,"₹38,990",AMD Ryzen 3 Quad Core Processor8 GB DDR4 RAMWindows 11 Operating System512 GB SSD39.62 cm (15.6 Inch) Display1 Year Onsite Warranty
119,ASUS Vivobook 14 Touchscreen Intel P-Series Core i3 12th Gen - (8 GB/512 GB SSD/Windows 11 Home) X1402...,"₹49,990",Intel Core i3 Processor (12th Gen)8 GB DDR4 RAM64 bit Windows 11 Operating System512 GB SSD35.56 cm (14 Inch) Touchscreen Display1 Year Onsite Warranty
120,Lenovo IdeaPad 3 Core i3 12th Gen - (8 GB/512 GB SSD/Windows 11 Home) 15IAU7 Thin and Light Laptop,"₹40,990",Intel Core i3 Processor (12th Gen)8 GB DDR4 RAMWindows 11 Operating System512 GB SSD39.62 cm (15.6 Inch) Display2 Year warranty
121,DELL Vostro Core i3 11th Gen - (8 GB/256 GB SSD/Windows 10) VOSTRO 3400 Thin and Light Laptop,"₹38,990",Intel Core i3 Processor (11th Gen)8 GB DDR4 RAM64 bit Windows 10 Operating System256 GB SSD38.0 cm (14.96 Inch) Display1 Year Onsite Warranty
122,Lenovo V15 Core i5 11th Gen - (8 GB/512 GB SSD/Windows 11 Home) V15 ITL G2 Laptop,"₹48,990",Intel Core i5 Processor (11th Gen)8 GB DDR4 RAM64 bit Windows 11 Operating System512 GB SSD100.63 cm (39.62 cm) DisplayNo1 Year Onsite Warranty + 1 Year Accidental Damage Protection Add On
123,HP Ryzen 5 Quad Core R5 5500 - (8 GB/512 GB SSD/Windows 11 Home) 245 G8 Business Laptop,"₹41,990",AMD Ryzen 5 Quad Core Processor8 GB DDR4 RAMWindows 11 Operating System512 GB SSD35.56 cm (14 Inch) Display1 Year Onsite warranty by OEM
124,DELL Inspiron Core i5 11th Gen - (16 GB/512 GB SSD/Windows 11 Home) Inspiron 5518 Thin and Light Lapto...,"₹49,890",Intel Core i5 Processor (11th Gen)16 GB DDR4 RAM64 bit Windows 11 Operating System512 GB SSD39.62 cm (15.6 Inch) Display1 Year Onsite Warranty
125,HP 14s Intel Celeron Dual Core - (8 GB/256 GB SSD/Windows 11 Home) 14s- dq3032tu Thin and Light Laptop,"₹29,990",Intel Celeron Dual Core Processor8 GB DDR4 RAM64 bit Windows 11 Operating System256 GB SSD35.56 cm (14 Inch) Display1 Year onsite warranty
126,HP Chromebook x360 Intel Celeron Dual Core - (4 GB/64 GB EMMC Storage/Chrome OS) 14a-ca0506TU Thin and...,"₹22,990",Intel Celeron Dual Core Processor4 GB LPDDR4 RAM64 bit Chrome Operating System35.56 cm (14 Inch) Touchscreen Display1 Year Onsite Warranty
127,Acer Extensa Core i3 11th Gen - (8 GB/256 GB SSD/Windows 11 Home) EX215-54 Notebook,"₹34,990",Intel Core i3 Processor (11th Gen)8 GB DDR4 RAM64 bit Windows 11 Operating System256 GB SSD39.62 cm (15.6 Inch) Display1 Year International Travelers Warranty
128,HP Ryzen 5 Hexa Core 5500U - (8 GB/512 GB SSD/Windows 11 Home) 15s- eq2223AU Thin and Light Laptop,"₹42,990",AMD Ryzen 5 Hexa Core Processor8 GB DDR4 RAM64 bit Windows 11 Operating System512 GB SSD39.62 cm (15.6 Inch) Display1 Year Onsite Warranty
129,Infinix INBook Y1 Plus Intel Core i3 10th Gen - (8 GB/512 GB SSD/Windows 11 Home) XL28 Thin and Light ...,"₹29,990",Intel Core i3 Processor (10th Gen)8 GB LPDDR4X RAM64 bit Windows 11 Operating System512 GB SSD39.62 cm (15.6 inch) Display1 Year Onsite Warranty
130,DELL Core i3 11th Gen - (8 GB/512 GB SSD/Windows 11 Home) 3511 Laptop,"₹41,490",Intel Core i3 Processor (11th Gen)8 GB DDR4 RAMWindows 11 Operating System512 GB SSD39.62 cm (15.6 inch) Display12 Months
131,Lenovo IdeaPad 3 Intel Core i3 11th Gen - (8 GB/256 GB SSD/DOS) 15ITL6 Thin and Light Laptop,"₹35,990",Intel Core i3 Processor (11th Gen)8 GB DDR4 RAM64 bit DOS Operating System256 GB SSD39.62 cm (15.6 inch) Display2 Years Warranty
132,HP 14s Intel Pentium Quad Core - (8 GB/256 GB SSD/Windows 11 Home) 14s-dq3033tu Thin and Light Laptop,"₹34,990","Intel Pentium Quad Core Processor8 GB DDR4 RAM64 bit Windows 11 Operating System256 GB SSD35.56 cm (14 inch) DisplayMicrosoft Office Home & Student 2019, HP Documentation1 Year Onsite Warranty"
133,DELL Athlon Dual Core 3050U - (8 GB/256 GB SSD/Windows 11 Home) Inspiron 3525 Thin and Light Laptop,"₹47,852",AMD Athlon Dual Core Processor8 GB DDR4 RAM64 bit Windows 11 Operating System256 GB SSD39.62 cm (15.6 inch) Display1 Year Onsite Warranty
134,DELL Ryzen 3 Quad Core 5425U - (8 GB/512 GB SSD/Windows 11 Home) Inspiron 3525 Thin and Light Laptop,"₹40,990",AMD Ryzen 3 Quad Core Processor8 GB DDR4 RAM64 bit Windows 11 Operating System512 GB SSD39.62 cm (15.6 Inch) Display1 Year Onsite Hardware Service
135,DELL Ryzen 3 Dual Core 3250U - (8 GB/512 GB SSD/Windows 11 Home) INSPIRON 3515 Thin and Light Laptop,"₹35,990",AMD Ryzen 3 Dual Core Processor8 GB DDR4 RAM64 bit Windows 11 Operating System512 GB SSD96.52 cm (38 cm) DisplayOffice Home and Student 20211 Year Onsite Warranty
136,DELL Inspiron Ryzen 3 Dual Core 3250U - (8 GB/512 GB SSD/Windows 11 Home) Inspiron 3515 Thin and Light...,"₹40,990",AMD Ryzen 3 Dual Core Processor8 GB DDR4 RAM64 bit Windows 11 Operating System512 GB SSD96.52 cm (38 cm) Display1 Year Onsite Warranty
137,ASUS VivoBook 15 (2022) Core i3 10th Gen - (4 GB/512 GB SSD/Windows 11 Home) X515JA-EJ372WS Thin and L...,"₹34,990",Intel Core i3 Processor (10th Gen)4 GB DDR4 RAM64 bit Windows 11 Operating System512 GB SSD39.62 cm (15.6 inch) DisplayOffice Home and Student 20211 Year Onsite Warranty
138,HP Core i3 11th Gen - (8 GB/512 GB SSD/Windows 11 Home) 15S-FQ2738TU Laptop,"₹37,400",Intel Core i3 Processor (11th Gen)8 GB DDR4 RAMWindows 11 Operating System512 GB SSD39.62 cm (15.6 inch) Display1 Year Onsite Warranty
139,DELL Vostro Core i3 11th Gen - (8 GB/256 GB SSD/Windows 10 Home) Vostro 3400 Thin and Light Laptop,"₹42,907",Intel Core i3 Processor (11th Gen)8 GB DDR4 RAM64 bit Windows 10 Operating System256 GB SSD35.56 cm (14 Inch) Display1 Year Onsite warranty
140,ASUS Core i3 12th Gen - (8 GB/512 GB SSD/Windows 11 Home) X1502ZAEJ323WS Laptop,"₹44,990",Intel Core i3 Processor (12th Gen)8 GB DDR4 RAMWindows 11 Operating System512 GB SSD39.62 cm (15.6 inch) Display1 Year International Warranty
141,DELL Ryzen 3 Quad Core 5425U - (8 GB/256 GB SSD/Windows 11 Home) Vostro 3425 Thin and Light Laptop,"₹36,490","Processor: R3-5425U (2.70 GHz up to 4.1 GHz)RAM & Storage: 8GB DDR4 & 256GB SSDDisplay:14.0"" FHD WVA AG Narrow Border 250 nitsSoftware: Win 11 + Office H&S 2021Ports: 1 USB3.2 Gen1 Type-C port, 1 USB3.2 Gen1 port?, 1 USB 2.0 part?, 1 Headset jack, 1 HDMI 1.4, 1 Flip-down RJ 45 port 10/100/1000 Mbps?, 1 SD 3.0 card slotWiFi & BT: 802.11ac 1x1 WiFi and BluetoothAMD Ryzen 3 Quad Core Processor8 GB DDR4 RAM64 bit Windows 11 Operating System256 GB SSD35.56 cm (14 Inch) Display1 Year Onsite Hardware Service"
142,MSI Core i5 12th Gen - (8 GB/512 GB SSD/Windows 11 Home) Modern 14 C12M-440IN Thin and Light Laptop,"₹48,990",Intel Core i5 Processor (12th Gen)8 GB DDR4 RAMWindows 11 Operating System512 GB SSD35.56 cm (14 Inch) Display1 Year Carry-in Warranty
143,DELL Core i3 12th Gen - (8 GB/512 GB SSD/Windows 11 Home) Vostro 3420 Thin and Light Laptop,"₹45,990",Intel Core i3 Processor (12th Gen)8 GB DDR4 RAMWindows 11 Operating System512 GB SSD35.56 cm (14 Inch) Display1 Year Onsite Hardware Service
144,MSI Core i5 12th Gen - (8 GB/512 GB SSD/Windows 11 Home) Modern 14 C12M-440IN Thin and Light Laptop,"₹48,990",Intel Core i5 Processor (12th Gen)8 GB DDR4 RAMWindows 11 Operating System512 GB SSD35.56 cm (14 Inch) Display1 Year Carry-in Warranty
145,DELL Core i3 12th Gen - (8 GB/512 GB SSD/Windows 11 Home) Vostro 3420 Thin and Light Laptop,"₹45,990",Intel Core i3 Processor (12th Gen)8 GB DDR4 RAMWindows 11 Operating System512 GB SSD35.56 cm (14 Inch) Display1 Year Onsite Hardware Service
146,Lenovo IdeaPad 3 Core i3 12th Gen - (8 GB/512 GB SSD/Windows 11 Home) 15IAU7 Thin and Light Laptop,"₹40,990",Intel Core i3 Processor (12th Gen)8 GB DDR4 RAMWindows 11 Operating System512 GB SSD39.62 cm (15.6 Inch) Display2 Year warranty
147,Lenovo IdeaPad 3 Ryzen 5 Hexa Core 5500U - (8 GB/512 GB SSD/Windows 11 Home) 15ALC6 Thin and Light Lap...,"₹45,975",AMD Ryzen 5 Hexa Core Processor8 GB DDR4 RAM64 bit Windows 11 Operating System512 GB SSD93.01 cm (36.62 cm) DisplayOffice Home and Student 20212 Year warranty
148,DELL Inspiron Ryzen 5 Quad Core 3450U - (8 GB/512 GB SSD/Windows 11 Home) Inspiron 3515 Thin and Light...,"₹46,990",AMD Ryzen 5 Quad Core Processor8 GB DDR4 RAM64 bit Windows 11 Operating System512 GB SSD39.62 cm (15.6 inch) DisplayMicrosoft Office Home and Student 20211 Year Onsite Warranty
149,Acer Aspire 3 Ryzen 5 Quad Core 7520U - (8 GB/512 GB SSD/Windows 11 Home) A315-24P Thin and Light Lapt...,"₹42,890",AMD Ryzen 5 Quad Core Processor8 GB LPDDR5 RAM64 bit Windows 11 Operating System512 GB SSD39.62 cm (15.6 Inch) Display1 Year International Travelers Warranty
150,HP 15s Intel Core i3 11th Gen - (8 GB/256 GB SSD/Windows 11 Home) 15s-fq2626TU Thin and Light Laptop,"₹38,700","Intel Core i3 Processor (11th Gen)8 GB DDR4 RAM64 bit Windows 11 Operating System256 GB SSD39.62 cm (15.6 inch) DisplayMicrosoft Office Home & Student 2019, HP Documentation, HP SSRM, HP Smart1 Year Onsite Warranty"
151,Lenovo Lenovo V15 Celeron Dual Core 4th Gen - (8 GB/256 GB SSD/Windows 11 Home) 82QYA00MIN Laptop,"₹23,290",Intel Celeron Dual Core Processor (4th Gen)8 GB DDR4 RAM64 bit Windows 11 Operating System256 GB SSD39.62 cm (15.6 inch) Display1 Years
152,HP Chromebook (2023) MediaTek Kompanio 1200 - (8 GB/256 GB SSD/Chrome OS) 13b-ca0006MU Thin and Light ...,"₹40,990",MediaTek MediaTek Kompanio 1200 Processor8 GB LPDDR4X RAM64 bit Chrome Operating System256 GB SSD33.78 cm (13.3 Inch) Display1 Year Onsite Warranty
153,DELL Vostro Core i3 11th Gen - (4 GB/1 TB HDD/256 GB SSD/Windows 10) Vostro 3400 Thin and Light Laptop,"₹39,990",Intel Core i3 Processor (11th Gen)4 GB DDR4 RAM64 bit Windows 10 Operating System1 TB HDD|256 GB SSD35.56 cm (14 inch) DisplayMicrosoft Office Home & Student 20191 Year Onsite Warranty
154,DELL Core i3 11th Gen - (8 GB/512 GB SSD/Windows 11 Home) Inspiron 3511 Thin and Light Laptop,"₹45,990",Intel Core i3 Processor (11th Gen)8 GB DDR4 RAMWindows 11 Operating System512 GB SSD39.62 cm (15.6 Inch) Display1 Year Onsite Hardware Service
155,DELL Vostro Core i3 10th Gen - (4 GB/1 TB HDD/256 GB SSD/Windows 11 Home) Vostro 3401 Thin and Light L...,"₹40,490",Intel Core i3 Processor (10th Gen)4 GB DDR4 RAM64 bit Windows 11 Operating System1 TB HDD|256 GB SSD35.56 cm (14 inch) DisplayMicrosoft Office Home and Student 20211 Year Onsite Warranty
156,"DELL Inspiron Core i3 11th Gen - (8 GB/1 TB HDD/256 GB SSD/Windows 11 Home) Inspiron 3511,Inspiron 300...","₹38,499","Processor: Intel i3-1115G4 (Base- 1.70 GHz & Turbo up to 4.10 GHz) 2 CoresRAM & Storage: 8GB DDR4 & 1TB + 256GB SSDGraphics & Keyboard: Integrated & Standard KeyboardDisplay: 15.6"" FHD WVA AG Narrow BorderPorts: 2x USB 3.2 Gen1 ,1x USB 2.0, HDMI 1.4, SD Card reader, Audio jack, 1 M.2 2230/2280 slot for solid-state drive/Intel OptaneIntel Core i3 Processor (11th Gen)8 GB DDR4 RAM64 bit Windows 11 Operating System1 TB HDD|256 GB SSD96.52 cm (38 cm) Display1 Year Onsite Warranty"
157,ASUS EeeBook 12 Celeron Dual Core - (4 GB/64 GB EMMC Storage/Windows 11 Home) E210MA-GJ011W Thin and L...,"₹18,990",Intel Celeron Dual Core Processor4 GB DDR4 RAM64 bit Windows 11 Operating System29.46 cm (11.6 Inch) Display1 Year Onsite warranty
158,ASUS VivoBook 15 (2022) Core i3 10th Gen - (8 GB/512 GB SSD/Windows 11 Home) X515JA-BQ322WS Thin and L...,"₹33,990",Intel Core i3 Processor (10th Gen)8 GB DDR4 RAM64 bit Windows 11 Operating System512 GB SSD39.62 cm (15.6 inch) DisplayOffice Home and Student 20211 Year Onsite Warranty
159,Acer Aspire 3 Celeron Dual Core - (4 GB/256 GB SSD/Windows 11 Home) A314-35 Notebook,"₹28,500",Intel Celeron Dual Core Processor4 GB DDR4 RAM64 bit Windows 11 Operating System256 GB SSD35.56 cm (14 inch) Display1 Year International Travelers Warranty (ITW)
160,DELL Core i3 11th Gen - (8 GB/1 TB HDD/256 GB SSD/Windows 11 Home) 3511 Laptop,"₹41,490",Intel Core i3 Processor (11th Gen)8 GB DDR4 RAMWindows 11 Operating System1 TB HDD|256 GB SSD38.1 cm (15 inch) Display12 months
161,DELL Ryzen 3 Dual Core 3250U - (8 GB/256 GB SSD/Windows 10) Inspiron 3515 Thin and Light Laptop,"₹36,990",AMD Ryzen 3 Dual Core Processor8 GB DDR4 RAM64 bit Windows 10 Operating System256 GB SSD39.62 cm (15.6 inch) DisplayOffice Home and Student 20191 Year Onsite Warranty
162,DELL Inspiron Ryzen 3 Dual Core 3250U - (8 GB/1 TB HDD/Windows 10) Inspiron 3505 Notebook,"₹36,990",AMD Ryzen 3 Dual Core Processor8 GB DDR4 RAM64 bit Windows 10 Operating System1 TB HDD39.62 cm (15.6 inch) DisplayMicrosoft Office Home and Student 20191 Year Onsite Warranty
163,Lenovo IdeaPad 1 Ryzen 3 Dual Core 3250U - (8 GB/512 GB SSD/Windows 11 Home) 15ADA7 Thin and Light Lap...,"₹37,990",AMD Ryzen 3 Dual Core Processor8 GB DDR4 RAM64 bit Windows 11 Operating System512 GB SSD39.62 cm (15.6 Inch) Display2 Years Onsite�Warranty
164,HP 15s Intel Core i3 11th Gen - (8 GB/1 TB HDD/256 GB SSD/Windows 11 Home) 15s-du3614TU Thin and Light...,"₹38,890",Intel Core i3 Processor (11th Gen)8 GB DDR4 RAM64 bit Windows 11 Operating System1 TB HDD|256 GB SSD39.62 cm (15.6 inch) Display1 Year Onsite Warranty
165,HP Core i3 11th Gen - (8 GB/256 GB SSD/Windows 11 Home) 15s-du3595TU Thin and Light Laptop,"₹39,990",Intel Core i3 Processor (11th Gen)8 GB DDR4 RAM64 bit Windows 11 Operating System256 GB SSD39.62 cm (15.6 Inch) Display1 Year Onsite Warranty
166,DELL Vostro Ryzen 3 Quad Core 5425U - (8 GB/256 GB SSD/Windows 11 Home) Vostro 3425 Thin and Light Lap...,"₹37,990",AMD Ryzen 3 Quad Core Processor8 GB DDR4 RAM64 bit Windows 11 Operating System256 GB SSD35.56 cm (14 inch) DisplayMicrosoft Office Home & Student 20211 Year Onsite Hardware Service
167,DELL Ryzen 3 Dual Core 3250U - (8 GB/1 TB HDD/256 GB SSD/Windows 11 Home) INSPIRON 3515 Thin and Light...,"₹39,900",AMD Ryzen 3 Dual Core Processor8 GB DDR4 RAM64 bit Windows 11 Operating System1 TB HDD|256 GB SSD39.62 cm (15.6 inch) DisplayOffice Home and Student 20211 Year Onsite Warranty
168,DELL Vostro Ryzen 5 Quad Core 3500U - (8 GB/512 GB SSD/Windows 10) Vostro 3405 Thin and Light Laptop,"₹46,490",AMD Ryzen 5 Quad Core Processor8 GB DDR4 RAM64 bit Windows 10 Operating System512 GB SSD35.56 cm (14 inches) Display1 Year Onsite Warranty
169,HP 15s (2023) Ryzen 3 Quad Core 7320U - (8 GB/512 GB SSD/Windows 11 Home) 15-fc0026AU Thin and Light L...,"₹40,990",AMD Ryzen 3 Quad Core Processor8 GB LPDDR5 RAM64 bit Windows 11 Operating System512 GB SSD39.62 cm (15.6 Inch) Display1 Year Onsite Warranty
170,Lenovo IdeaPad 3 Core i3 12th Gen - (8 GB/512 GB SSD/Windows 11 Home) 15IAU7 Thin and Light Laptop,"₹40,990",Intel Core i3 Processor (12th Gen)8 GB DDR4 RAMWindows 11 Operating System512 GB SSD39.62 cm (15.6 Inch) Display2 Year warranty
171,Lenovo IdeaPad 3 Ryzen 5 Hexa Core 5500U - (8 GB/512 GB SSD/Windows 11 Home) 15ALC6 Thin and Light Lap...,"₹45,975",AMD Ryzen 5 Hexa Core Processor8 GB DDR4 RAM64 bit Windows 11 Operating System512 GB SSD93.01 cm (36.62 cm) DisplayOffice Home and Student 20212 Year warranty
172,ASUS Chromebook Celeron Dual Core - (4 GB/64 GB EMMC Storage/Chrome OS) C423NA-BV0523 Chromebook,"₹16,990",Intel Celeron Dual Core Processor4 GB LPDDR4 RAMChrome Operating System35.56 cm (14 inch) Display1 Year Onsite Warranty
173,DELL Inspiron Ryzen 3 Quad Core 5425U - (8 GB/512 GB SSD/Windows 11 Home) Inspiron 3525 Thin and Light...,"₹41,890",AMD Ryzen 3 Quad Core Processor8 GB DDR4 RAM64 bit Windows 11 Operating System512 GB SSD39.62 cm (15.6 inch) DisplayMicrosoft Office Home & Student 20211 Year Onsite Hardware Service
174,Lenovo Ryzen 3 Dual Core 3250U - (4 GB/1 TB HDD/Windows 10 Home) V15 -ADA Laptop,"₹29,490",AMD Ryzen 3 Dual Core Processor4 GB DDR4 RAM64 bit Windows 10 Operating System1 TB HDD39.62 cm (15.6 inch) Display1 Year Warranty Term
175,Acer Aspire 5 Core i3 12th Gen - (8 GB/512 GB SSD/Windows 11 Home) A515-57 Thin and Light Laptop,"₹45,990","Intel Core i3 Processor (12th Gen)8 GB DDR4 RAM64 bit Windows 11 Operating System512 GB SSD39.62 cm (15.6 Inch) DisplayAcer Care Center, Quick Access, Acer Product Registration, Acer Configuration Manager1 Year International Travelers Warranty (ITW)"
176,Infinix INBook Y1 Plus Intel Core i3 10th Gen - (8 GB/512 GB SSD/Windows 11 Home) XL28 Thin and Light ...,"₹29,990",Intel Core i3 Processor (10th Gen)8 GB LPDDR4X RAM64 bit Windows 11 Operating System512 GB SSD39.62 cm (15.6 inch) Display1 Year Onsite Warranty
177,HP Intel Core i3 10th Gen - (8 GB/512 GB SSD/Windows 10 Home) 15s-DU1516TU Thin and Light Laptop,"₹38,990","Intel Core i3 Processor (10th Gen)8 GB DDR4 RAM64 bit Windows 10 Operating System512 GB SSD39.62 cm (15.6 inch) DisplayMicrosoft Office Home and Student 2019, HP Documentation, HP BIOS Recovery, HP Smart, HP Support Assistant, Dropbox1 Year Onsite Warranty"
178,Infinix X1 Slim Series Core i3 10th Gen - (8 GB/256 GB SSD/Windows 11 Home) XL21 Thin and Light Laptop,"₹33,990",Intel Core i3 Processor (10th Gen)8 GB LPDDR4X RAM64 bit Windows 11 Operating System256 GB SSD35.56 cm (14 inch) DisplayNA1 Year Onsite Warranty
179,Lenovo Ryzen 3 Dual Core 3rd Gen - (8 GB/512 GB SSD/Windows 11 Home) IdeaPad 1 15ADA7 Laptop,"₹35,398",AMD Ryzen 3 Dual Core Processor (3rd Gen)8 GB DDR4 RAMWindows 11 Operating System512 GB SSD39.62 cm (15.6 inch) Display1 YEAR
180,HP 15s (2023) Intel Core i3 13th Gen - (8 GB/512 GB SSD/Windows 11 Home) 15-fd0018TU Thin and Light La...,"₹47,490",Intel Core i3 Processor (13th Gen)8 GB DDR4 RAM64 bit Windows 11 Operating System512 GB SSD39.62 cm (15.6 Inch) Display1 Year Onsite Warranty
181,Lenovo Core i3 11th Gen - (4 GB/256 GB SSD/Windows 10 Home) V15 ITL G2 Thin and Light Laptop,"₹34,990",Intel Core i3 Processor (11th Gen)4 GB DDR4 RAM64 bit Windows 10 Operating System256 GB SSD38.1 cm (15 inch) Display1 Year Onsite Warranty
182,DELL Vostro Core i3 11th Gen - (8 GB/512 GB SSD/Windows 11 Home) Vostro 3420 Thin and Light Laptop,"₹38,384",Intel Core i3 Processor (11th Gen)8 GB DDR4 RAM64 bit Windows 11 Operating System512 GB SSD35.56 cm (14 Inch) Display1 Year Onsite Hardware Service
183,ASUS VivoBook Ultra K15 OLED Core i3 11th Gen - (8 GB/1 TB HDD/256 GB SSD/Windows 11 Home) K513EA-L322...,"₹45,990",Intel Core i3 Processor (11th Gen)8 GB DDR4 RAM64 bit Windows 11 Operating System1 TB HDD|256 GB SSD39.62 cm (15.6 inch) Display1 Year Onsite Warranty
184,DELL Core i3 11th Gen - (8 GB/256 GB SSD/Ubuntu) 3420 Business Laptop,"₹35,400",Intel Core i3 Processor (11th Gen)8 GB DDR4 RAMLinux/Ubuntu Operating System256 GB SSD35.56 cm (14 inch) Display3 year domestic
185,HP G Series Core i3 10th Gen - (4 GB/512 GB SSD/Windows 10 Home) 250 G8 Thin and Light Laptop,"₹37,990","Intel Core i3 Processor (10th Gen)4 GB DDR4 RAM64 bit Windows 10 Operating System512 GB SSD39.62 cm (15.6 inch) DisplayHP Support Assistant, Native Miracast Support, HP AudioSwitch, HP Documentation, HP Setup Integrated, OOBE, HP SSRM, HP Jumpstart, McAfee LiveSafe (30 Day Trial), Xerox DocuShare (30 Day Trial)1 Year Onsite Warranty"
186,Infinix X1 Slim Series Core i3 10th Gen - (8 GB/256 GB SSD/Windows 11 Home) XL21 Thin and Light Laptop,"₹35,990",Intel Core i3 Processor (10th Gen)8 GB LPDDR4X RAM64 bit Windows 11 Operating System256 GB SSD35.56 cm (14 inch) DisplayNA1 Year Onsite Warranty
187,DELL Inspiron 3000 Core i3 11th Gen - (8 GB/512 GB SSD/Windows 11 Home) 3511 Thin and Light Laptop,"₹39,999",Intel Core i3 Processor (11th Gen)8 GB DDR4 RAM64 bit Windows 11 Operating System512 GB SSD39.62 cm (15.6 Inch) Display1 Year Onsite Warranty
188,Lenovo IdeaPad 3 Intel Core i3 11th Gen - (8 GB/256 GB SSD/Windows 11 Home) 81X800HYIN Laptop,"₹37,000",Intel Core i3 Processor (11th Gen)8 GB DDR4 RAMWindows 11 Operating System256 GB SSD39.62 cm (15.6 inch) Display1 years onsite warranty
189,Acer Extensa Core i3 11th Gen - (8 GB/512 GB SSD/Windows 11 Home) EX215-54 Notebook,"₹36,990",Intel Core i3 Processor (11th Gen)8 GB DDR4 RAM64 bit Windows 11 Operating System512 GB SSD39.62 cm (15.6 Inch) Display1 Year International Travelers Warranty
190,realme Book Prime Core i5 11th Gen - (8 GB/512 GB SSD/Windows 11 Home) CloudPro002 Thin and Light Lapt...,"₹43,990",Intel Core i5 Processor (11th Gen)8 GB LPDDR4X RAMWindows 11 Operating System512 GB SSD35.56 cm (14 Inch) Display1 Year Carry-in Warranty
191,ASUS VivoBook 15 Ryzen 3 Dual Core AMD R3-3250U - (4 GB/256 GB SSD/Windows 10 Home) M515DA-BQ312TS Thi...,"₹26,990","AMD Ryzen 3 Dual Core Processor4 GB DDR4 RAM64 bit Windows 10 Operating System256 GB SSD39.62 cm (15.6 inch) DisplayMicrosoft Office Home and Student 2019, Splendid (All models), Tru2Life (Intel Platform Models), Link to MyASUS (All Models, Bluetooth Needed)1 Year Onsite Warranty"
192,DELL Inspiron Ryzen 3 Dual Core 3250U - (8 GB/256 GB SSD/Windows 11 Home) INSPIRON 3515 Thin and Light...,"₹36,690",AMD Ryzen 3 Dual Core Processor8 GB DDR4 RAM64 bit Windows 11 Operating System256 GB SSD39.62 cm (15.6 Inch) Display1 Year Onsite Warranty
193,DELL Inspiron Core i3 11th Gen - (8 GB/256 GB SSD/Windows 11 Home) Inspiron 3511 Thin and Light Laptop,"₹42,990","Processor-i3-1115G4 Processor upto 4.1 GHz SpeedRAM & Storage: 8GB DDR4, 256GB SSD, WIN 11 + Office H&S 2021Display:15.6"" FHD WVA AG Narrow Border & Standard Keyboard2x USB 3.2 Gen1 ,1x USB 2.0, HDMI 1.4, SD Card reader, Audio jack, 1 M.2 2230/2280 SlotINTEGRATED Graphics CardIntel Core i3 Processor (11th Gen)8 GB DDR4 RAM64 bit Windows 11 Operating System256 GB SSD39.62 cm (15.6 Inch) Display1 Year Onsite Warranty"
194,Lenovo Ryzen 5 Hexa Core 5500U - (8 GB/512 GB SSD/DOS) V15 G2 ALC Thin and Light Laptop,"₹35,990",AMD Ryzen 5 Hexa Core Processor8 GB DDR4 RAMDOS Operating System512 GB SSD39.62 cm (15.6 Inch) Display1 Year Onsite Warranty
195,Lenovo Slim 3 Chromebook Touch Intel Celeron Dual Core - (4 GB/64 GB EMMC Storage/Chrome OS) 14IGL05 C...,"₹15,990",Intel Celeron Dual Core Processor4 GB LPDDR4 RAM64 bit Chrome Operating System35.56 cm (14 inch) Touchscreen Display1 Year Onsite Warranty
196,Lenovo IdeaPad 3 Core i3 12th Gen - (8 GB/512 GB SSD/Windows 11 Home) 15IAU7 Thin and Light Laptop,"₹40,990",Intel Core i3 Processor (12th Gen)8 GB DDR4 RAMWindows 11 Operating System512 GB SSD39.62 cm (15.6 Inch) Display2 Year warranty
197,Lenovo IdeaPad 3 Ryzen 5 Hexa Core 5500U - (8 GB/512 GB SSD/Windows 11 Home) 15ALC6 Thin and Light Lap...,"₹45,975",AMD Ryzen 5 Hexa Core Processor8 GB DDR4 RAM64 bit Windows 11 Operating System512 GB SSD93.01 cm (36.62 cm) DisplayOffice Home and Student 20212 Year warranty
198,Avita SATUS S111 Celeron Dual Core - (4 GB/128 GB SSD/Windows 11 Home) NU14A1INC43PN-CG Laptop,"₹16,490",Intel Celeron Dual Core Processor4 GB DDR4 RAM64 bit Windows 11 Operating System128 GB SSD35.81 cm (14.1 Inch) Display1 Year Onsite Warranty
199,HP Celeron Dual Core - (8 GB/256 GB SSD/Windows 11 Home) 14s-dq3037tu Thin and Light Laptop,"₹31,000",Intel Celeron Dual Core Processor8 GB DDR4 RAM64 bit Windows 11 Operating System256 GB SSD35.56 cm (14 inch) Display1 Year Onsite Warranty
200,ASUS Chromebook Celeron Dual Core - (4 GB/64 GB EMMC Storage/Chrome OS) C423NA-EC0521 Chromebook,"₹25,990",Intel Celeron Dual Core Processor4 GB LPDDR4 RAMChrome Operating System35.56 cm (14 inch) Touchscreen Display1 Year Onsite Warranty
201,ASUS Vivobook 15 (2023) Core i3 13th Gen - (8 GB/512 GB SSD/Windows 11 Home) X1504VA-NJ321WS Thin and ...,"₹45,990",Intel Core i3 Processor (13th Gen)8 GB DDR4 RAMWindows 11 Operating System512 GB SSD39.62 cm (15.6 Inch) Display1 Year Onsite Warranty
202,Lenovo IdeaPad 3 Intel Core i3 10th Gen - (4 GB/256 GB SSD/Windows 10 Home) 81WB010XIN||81WB0112IN||81...,"₹35,990",Intel Core i3 Processor (10th Gen)4 GB DDR4 RAM64 bit Windows 10 Operating System256 GB SSD39.62 cm (15.6 inch) DisplayOffice Home and Student 2019 included2 Years Warranty
203,DELL Inspiron Core i3 10th Gen - (8 GB/256 GB SSD/Windows 11 Home) Inspiron 3511 Thin and Light Laptop,"₹44,190",Intel Core i3 Processor (10th Gen)8 GB DDR4 RAM64 bit Windows 11 Operating System256 GB SSD38.0 cm (14.96 cm) DisplayOffice Home and Student 20211 Year Onsite Warranty
204,realme Book Prime Core i5 11th Gen - (8 GB/512 GB SSD/Windows 11 Home) CloudPro002 Thin and Light Lapt...,"₹43,990",Intel Core i5 Processor (11th Gen)8 GB LPDDR4X RAMWindows 11 Operating System512 GB SSD35.56 cm (14 Inch) Display1 Year Carry-in Warranty
205,Infinix X2 Slim Intel Core i3 11th Gen - (8 GB/512 GB SSD/Windows 11 Home) XL23 Thin and Light Laptop,"₹31,990",Intel Core i3 Processor (11th Gen)8 GB LPDDR4X RAM64 bit Windows 11 Operating System512 GB SSD35.56 cm (14 inch) DisplayMicrosoft Office 3651 year Onsite Warranty
206,Acer Aspire 5 Core i3 11th Gen - (4 GB/256 GB SSD/Windows 10 Home) A515-56 Thin and Light Laptop,"₹37,990","Intel Core i3 Processor (11th Gen)4 GB DDR4 RAM64 bit Windows 10 Operating System256 GB SSD39.62 cm (15.6 inch) DisplayAcer Care Center, Quick Access, Acer Product Registration1 Year International Travelers Warranty (ITW)"
207,Infinix X2 Slim Intel Core i3 11th Gen - (8 GB/256 GB SSD/Windows 11 Home) XL23 Thin and Light Laptop,"₹29,990",Intel Core i3 Processor (11th Gen)8 GB LPDDR4X RAM64 bit Windows 11 Operating System256 GB SSD35.56 cm (14 inch) DisplayMicrosoft Office 3651 year Onsite Warranty
208,Infinix X2 Slim Intel Core i3 11th Gen - (8 GB/256 GB SSD/Windows 11 Home) XL23 Thin and Light Laptop,"₹29,990",Intel Core i3 Processor (11th Gen)8 GB LPDDR4X RAM64 bit Windows 11 Operating System256 GB SSD35.56 cm (14 inch) DisplayMicrosoft Office 3651 year Onsite Warranty
209,Infinix X2 Slim Intel Core i7 11th Gen - (16 GB/512 GB SSD/Windows 11 Home) XL23 Thin and Light Laptop,"₹48,990",Intel Core i7 Processor (11th Gen)16 GB LPDDR4X RAM64 bit Windows 11 Operating System512 GB SSD35.56 cm (14 inch) DisplayMicrosoft Office 3651 year Onsite Warranty
210,Infinix X2 Slim Intel Core i3 11th Gen - (8 GB/512 GB SSD/Windows 11 Home) XL23 Thin and Light Laptop,"₹31,990",Intel Core i3 Processor (11th Gen)8 GB LPDDR4X RAM64 bit Windows 11 Operating System512 GB SSD35.56 cm (14 inch) DisplayMicrosoft Office 3651 year Onsite Warranty
211,HP 255 G9 Athlon Dual Core AMD Athlon Silver-3050U - (4 GB/256 GB SSD/DOS) 255 G9 Notebook,"₹22,799",AMD Athlon Dual Core Processor4 GB DDR4 RAMDOS Operating System256 GB SSD39.62 cm (15.6 inch) DisplayDOS1 year warranty
212,Lenovo V15 G2 Core i3 11th Gen - (8 GB/512 GB SSD/Windows 11 Home) V15 ITL G2 Laptop,"₹38,999",Intel Core i3 Processor (11th Gen)8 GB DDR4 RAM64 bit Windows 11 Operating System512 GB SSD39.62 cm (15.6 Inch) DisplayNo1 Year Onsite Warranty + 1 Year Accidental Damage Protection Add On
213,HP 15s (2023) Ryzen 5 Quad Core 7520U - (8 GB/512 GB SSD/Windows 11 Home) 15-fc0028AU Thin and Light L...,"₹48,990",AMD Ryzen 5 Quad Core Processor8 GB DDR4 RAM64 bit Windows 11 Operating System512 GB SSD39.62 cm (15.6 Inch) Display1 Year Onsite Warranty
214,Infinix X1 Slim Series Core i5 10th Gen - (8 GB/512 GB SSD/Windows 11 Home) XL21 Thin and Light Laptop,"₹37,990",Intel Core i5 Processor (10th Gen)8 GB LPDDR4X RAM64 bit Windows 11 Operating System512 GB SSD35.56 cm (14 Inch) DisplayNA1 Year Onsite Warranty
215,HP 250 G8 Core i3 11th Gen - (8 GB/512 GB SSD/DOS) 250 G8 Notebook,"₹33,990",Intel Core i3 Processor (11th Gen)8 GB DDR4 RAMDOS Operating System512 GB SSD39.62 cm (15.6 inch) Display1 Year
216,Lenovo IdeaPad 3 Core i3 12th Gen - (8 GB/512 GB SSD/Windows 11 Home) 15IAU7 Thin and Light Laptop,"₹40,990",Intel Core i3 Processor (12th Gen)8 GB DDR4 RAMWindows 11 Operating System512 GB SSD39.62 cm (15.6 Inch) Display2 Year warranty
217,Lenovo IdeaPad 3 Ryzen 5 Hexa Core 5500U - (8 GB/512 GB SSD/Windows 11 Home) 15ALC6 Thin and Light Lap...,"₹45,975",AMD Ryzen 5 Hexa Core Processor8 GB DDR4 RAM64 bit Windows 11 Operating System512 GB SSD93.01 cm (36.62 cm) DisplayOffice Home and Student 20212 Year warranty
218,DELL Core i3 11th Gen - (8 GB/512 GB SSD/16 GB EMMC Storage/DOS) Latitude 3420 Business Laptop,"₹35,990",Intel Core i3 Processor (11th Gen)8 GB DDR4 RAMDOS Operating System512 GB SSD35.56 cm (14 Inch) Display1 Year Onsite Warranty
219,ASUS (2022) Celeron Dual Core - (4 GB/128 GB SSD/Windows 11 Home) BR1100FKA-BP1104W Laptop,"₹29,290",Intel Celeron Dual Core Processor4 GB DDR4 RAM64 bit Windows 11 Operating System128 GB SSD29.46 cm (11.6 Inch) Touchscreen Display1 Year Onsite Warranty
220,DELL Inspiron Core i3 11th Gen - (8 GB/1 TB HDD/Windows 11 Home) Inspiron 3511 Thin and Light Laptop,"₹42,990",Intel Core i3 Processor (11th Gen)8 GB DDR4 RAM64 bit Windows 11 Operating System1 TB HDD38.0 cm (14.96 inch) DisplayNA1 Year Onsite Warranty
221,Infinix X1 Slim Series Core i3 10th Gen - (8 GB/256 GB SSD/Windows 11 Home) XL21 Thin and Light Laptop,"₹33,990",Intel Core i3 Processor (10th Gen)8 GB LPDDR4X RAM64 bit Windows 11 Operating System256 GB SSD35.56 cm (14 inch) DisplayNA1 Year Onsite Warranty
222,HP 247 G8 Athlon Dual Core AMD Athlon P3045B - (8 GB/1 TB HDD/Windows 11 Home) 67U77PA Laptop,"₹23,499",AMD Athlon Dual Core Processor8 GB DDR4 RAMWindows 11 Operating System1 TB HDD35.56 cm (14 inch) DisplayWindows1 Year
223,Infinix X2 Slim Intel Core i5 11th Gen - (16 GB/512 GB SSD/Windows 11 Home) XL23 Thin and Light Laptop,"₹38,990",Intel Core i5 Processor (11th Gen)16 GB LPDDR4X RAM64 bit Windows 11 Operating System512 GB SSD35.56 cm (14 inch) DisplayMicrosoft Office 3651 year Onsite Warranty
224,Acer Aspire 3 Core i3 11th Gen - (8 GB/512 GB SSD/Windows 11 Home) A315-58 Notebook,"₹38,900",Intel Core i3 Processor (11th Gen)8 GB DDR4 RAM64 bit Windows 11 Operating System512 GB SSD39.62 cm (15.6 Inch) Display1 Year International Travelers Warranty (ITW)
225,HP Ryzen 3 Dual Core 3250U - (8 GB/512 GB SSD/Windows 11 Home) 15s- eq1560AU Thin and Light Laptop,"₹39,990",AMD Ryzen 3 Dual Core Processor8 GB DDR4 RAM64 bit Windows 11 Operating System512 GB SSD39.62 cm (15.6 inch) Display1 Year Onsite Warranty
226,Lenovo IdeaPad 3 Intel Core i3 12th Gen - (8 GB/512 GB SSD/Windows 11 Home) 82RK007JIN Thin and Light ...,"₹45,964",Intel Core i3 Processor (12th Gen)8 GB DDR4 RAM64 bit Windows 11 Operating System512 GB SSD39.62 cm (15.6 inch) DisplayOffice Home and Student 20212 Year Onsite Warranty
227,ASUS Core i3 13th Gen - (8 GB/512 GB SSD/Windows 11 Home) X1504VA-NJ322WS Laptop,"₹45,990",Intel Core i3 Processor (13th Gen)8 GB DDR5 RAMWindows 11 Operating System512 GB SSD39.62 cm (15.6 inch) Display1 year Domestic Warranty
228,HP Core i3 - (8 GB/512 GB SSD/Windows 11 Home) 14-Ep0068TU Thin and Light Laptop,"₹42,990",Intel Core i3 Processor8 GB DDR4 RAM64 bit Windows 11 Operating System512 GB SSD35.56 cm (14 Inch) Display1 Year Onsite Warranty
229,ASUS Chromebook Flip Touch Celeron Dual Core - (4 GB/64 GB EMMC Storage/Chrome OS) C214MA-BU0452 Chrom...,"₹15,990",Intel Celeron Dual Core Processor4 GB LPDDR4 RAMChrome Operating System29.46 cm (11.6 inch) Touchscreen Display1 Year Onsite Warranty
230,HP 14s Intel Core i3 11th Gen - (8 GB/256 GB SSD/Windows 11 Home) 14s- dy2506TU Thin and Light Laptop,"₹38,999",Intel Core i3 Processor (11th Gen)8 GB DDR4 RAM64 bit Windows 11 Operating System256 GB SSD35.56 cm (14 inch) DisplayMicrosoft Office Home & Student 20191 Year Onsite Warranty
231,DELL Inspiron 3000 Core i5 11th Gen - (8 GB/512 GB SSD/Windows 11 Home) D560745WIN9B Laptop,"₹47,990",Intel Core i5 Processor (11th Gen)8 GB DDR4 RAMWindows 11 Operating System512 GB SSD39.62 cm (15.6 inch) Display1 Year Onsite Warranty
232,DELL Inspiron Core i5 11th Gen - (4 GB/1 TB HDD/256 GB SSD/Windows 10 Home) Inspiron 3501 Thin and Lig...,"₹49,990","Intel Core i5 Processor (11th Gen)4 GB DDR4 RAM64 bit Windows 10 Operating System1 TB HDD|256 GB SSD39.62 cm (15.6 inch) DisplayMicrosoft Office Home and Student 20191 Year Limited Hardware Warranty, In Home Service After Remote Diagnosis - Retail"
233,DELL Inspiron Core i3 10th Gen - (8 GB/256 GB SSD/Windows 10) Inspiron 3511 Thin and Light Laptop,"₹41,590",Intel Core i3 Processor (10th Gen)8 GB DDR4 RAM64 bit Windows 10 Operating System256 GB SSD39.62 cm (15.6 inch) DisplayOffice Home and Student 2019 included1 Year Onsite Warranty
234,ASUS Vivobook 15 Core i3 11th Gen - (8 GB/256 GB SSD/Windows 11 Home) X515EA-EJ312W | X515EA-EJ312WS T...,"₹35,990",Intel Core i3 Processor (11th Gen)8 GB DDR4 RAM64 bit Windows 11 Operating System256 GB SSD39.62 cm (15.6 inch) DisplayOffice Home and Student 20211 Year Onsite Warranty
235,Acer Extensa 15 Non-Gaming Ryzen 3 Quad Core 7320U - (8 GB/512 GB SSD/Windows 11 Home) EX215-23 Thin a...,"₹33,990",AMD Ryzen 3 Quad Core Processor8 GB LPDDR5 RAMWindows 11 Operating System512 GB SSD39.62 cm (15.6 Inch) Display1 Year Onsite Warranty
236,Acer Extensa 15 Non-Gaming Ryzen 3 Quad Core 7320U - (8 GB/512 GB SSD/Windows 11 Home) EX215-23 Thin a...,"₹31,990",AMD Ryzen 3 Quad Core Processor8 GB LPDDR5 RAMWindows 11 Operating System512 GB SSD39.62 cm (15.6 Inch) Display1 Year Onsite Warranty
237,Lenovo IdeaPad 3 Intel Core i3 11th Gen - (8 GB/512 GB SSD/Windows 11 Home) 15ITL6 Thin and Light Lapt...,"₹39,888",Intel Core i3 Processor (11th Gen)8 GB DDR4 RAM64 bit Windows 11 Operating System512 GB SSD39.62 cm (15.6 inch) DisplayOffice Home and Student 20212 Year warranty
238,ASUS Core i3 12th Gen - (8 GB/512 GB HDD/512 GB SSD/Windows 11 Home) X1502ZA-EJ331WS Laptop,"₹44,990",Intel Core i3 Processor (12th Gen)8 GB DDR4 RAMWindows 11 Operating System512 GB HDD|512 GB SSD39.62 cm (15.6 inch) Display1 Year Warranty
239,Acer Aspire 5 15 Core i3 13th Gen - (8 GB/512 GB SSD/Windows 11 Home) A515-58P Thin and Light Laptop,"₹42,990",Intel Core i3 Processor (13th Gen)8 GB LPDDR5 RAMWindows 11 Operating System512 GB SSD39.62 cm (15.6 Inch) Display1 Year Onsite Warranty
